Time,Load,Wind
01-01-22 00:00,39759.74647,16818.2257
01-01-22 01:00,37571.3051,16765.7816
01-01-22 02:00,37004.53066,16641.0228
01-01-22 03:00,32778.23541,16523.4418
01-01-22 04:00,33352.75441,16447.9494
01-01-22 05:00,35352.98268,16279.6253
01-01-22 06:00,38674.44161,16066.7175
01-01-22 07:00,40108.90884,15958.37084
01-01-22 08:00,39629.07337,15867.87636
01-01-22 09:00,40581.95128,14785.1433
01-01-22 10:00,41407.55536,14347.3672
01-01-22 11:00,41995.25968,14874.2393
01-01-22 12:00,43419.57061,14918.9725
01-01-22 13:00,43597.05063,15586.3141
01-01-22 14:00,43688.17067,15129.1091
01-01-22 15:00,43850.80674,15331.154
01-01-22 16:00,43783.14291,15350.7321
01-01-22 17:00,42937.21363,15716.70992
01-01-22 18:00,43170.83631,15873.1616
01-01-22 19:00,42327.60002,15950.8559
01-01-22 20:00,40057.7512,15988.9095
01-01-22 21:00,38604.9304,15735.4829
01-01-22 22:00,37217.5694,15348.4558
01-01-22 23:00,35061.4632,15184.7535
01-05-22 00:00,36096.1889,3342.7352
01-05-22 01:00,35264.49502,3701.5729
01-05-22 02:00,35732.20237,6240.8475
01-05-22 03:00,36018.79331,7907.8626
01-05-22 04:00,37046.43048,10628.4903
01-05-22 05:00,39973.88119,12524.056
01-05-22 06:00,44138.21731,14553.78
01-05-22 07:00,45500.2156,15591.79546
01-05-22 08:00,44000.97004,16183.5294
01-05-22 09:00,42649.58151,14087.1226
01-05-22 10:00,41636.94863,11703.6845
01-05-22 11:00,40596.68667,12385.2163
01-05-22 12:00,39557.54596,14438.8113
01-05-22 13:00,39177.04246,15785.6578
01-05-22 14:00,38585.19333,15529.7631
01-05-22 15:00,38187.17513,14203.0029
01-05-22 16:00,38558.09164,14586.7939
01-05-22 17:00,40070.96174,14087.8786
01-05-22 18:00,42739.13961,13241.8376
01-05-22 19:00,43499.74213,13326.9074
01-05-22 20:00,43494.68592,13277.4483
01-05-22 21:00,42868.46631,13678.4924
01-05-22 22:00,41159.94076,13262.8331
01-05-22 23:00,39613.60839,12644.7551
01-12-22 00:00,36047.4933,17143.5991
01-12-22 01:00,35449.26224,16659.0949
01-12-22 02:00,34892.64828,16931.9583
01-12-22 03:00,34734.89332,16799.7222
01-12-22 04:00,35138.36718,16676.8413
01-12-22 05:00,36961.11408,16341.5309
01-12-22 06:00,40651.34992,16323.6751
01-12-22 07:00,41803.52161,16404.66316
01-12-22 08:00,40915.88727,16130.2901
01-12-22 09:00,40861.39579,14346.9051
01-12-22 10:00,41746.1641,13990.976
01-12-22 11:00,42152.9896,13941.1304
01-12-22 12:00,41942.20727,14959.926
01-12-22 13:00,42168.32518,15267.3631
01-12-22 14:00,42135.85734,15403.7005
01-12-22 15:00,42145.86781,16288.7708
01-12-22 16:00,42156.83427,15630.94718
01-12-22 17:00,42164.71946,14787.0093
01-12-22 18:00,43520.8219,15201.7245
01-12-22 19:00,42964.74072,15921.2146
01-12-22 20:00,41249.86437,16048.773
01-12-22 21:00,39532.22993,14600.6887
01-12-22 22:00,37233.69782,14810.2347
01-12-22 23:00,35345.15451,14337.3177
1/15/22 0:00,38110.64843,17261.5057
1/15/22 1:00,37262.4181,17283.3821
1/15/22 2:00,36876.49502,17264.861
1/15/22 3:00,36850.06866,17018.7065
1/15/22 4:00,37387.36936,16882.543
1/15/22 5:00,39536.83032,16771.6839
1/15/22 6:00,43145.21382,16774.5414
1/15/22 7:00,44468.62469,16804.12049
1/15/22 8:00,43153.05044,16546.38096
1/15/22 9:00,42878.67319,15074.3419
1/15/22 10:00,41812.77273,13444.7984
1/15/22 11:00,41759.97299,13279.0996
1/15/22 12:00,40739.82543,12873.8611
1/15/22 13:00,40426.67335,13112.623
1/15/22 14:00,39947.18627,13083.2364
1/15/22 15:00,39730.8168,13583.5038
1/15/22 16:00,39508.92844,13569.0587
1/15/22 17:00,40181.6026,13761.3486
1/15/22 18:00,41817.25697,14169.0822
1/15/22 19:00,41465.44261,14917.4317
1/15/22 20:00,40578.39699,15551.0862
1/15/22 21:00,39091.09878,16185.7711
1/15/22 22:00,37216.37798,15982.2927
1/15/22 23:00,35430.69848,15403.3778
1/16/22 0:00,33681.8014,15284.4343
1/16/22 1:00,32563.37345,15595.1036
1/16/22 2:00,32259.32366,15213.778
1/16/22 3:00,32062.14876,14948.6324
1/16/22 4:00,32107.64992,14525.8662
1/16/22 5:00,32642.51668,13734.7952
1/16/22 6:00,33726.57451,14353.6801
1/16/22 7:00,34812.88374,14573.86323
1/16/22 8:00,36155.49497,14401.0218
1/16/22 9:00,37123.95132,13960.2608
1/16/22 10:00,37265.39532,10306.1283
1/16/22 11:00,37397.36307,10860.8137
1/16/22 12:00,37560.07926,12671.7745
1/16/22 13:00,37538.2975,12937.8077
1/16/22 14:00,36925.77505,12549.3745
1/16/22 15:00,36953.59588,11926.5206
1/16/22 16:00,37067.6159,12249.7677
1/16/22 17:00,38338.63693,12231.70382
1/16/22 18:00,40611.80773,13280.9912
1/16/22 19:00,40998.28012,15045.4086
1/16/22 20:00,40412.08858,16020.3223
1/16/22 21:00,39859.52953,16880.8766
1/16/22 22:00,39034.68486,18101.2922
1/16/22 23:00,37967.31568,17556.0127
1/18/22 0:00,43231.42351,13278.3301
1/18/22 1:00,42781.10203,13981.0171
1/18/22 2:00,42770.26858,14448.8883
1/18/22 3:00,43374.58292,14807.7923
1/18/22 4:00,44286.05121,14852.2837
1/18/22 5:00,46487.6621,15463.0075
1/18/22 6:00,51144.42835,15951.1915
1/18/22 7:00,51800.49336,16365.82044
1/18/22 8:00,48134.49165,16092.8922
1/18/22 9:00,45892.96966,15674.46
1/18/22 10:00,44676.28398,10938.0492
1/18/22 11:00,42634.07323,10511.4929
1/18/22 12:00,41736.02992,12555.7057
1/18/22 13:00,41153.51715,14678.0979
1/18/22 14:00,41004.42761,15891.4345
1/18/22 15:00,41021.99336,16589.2765
1/18/22 16:00,40956.29102,17467.6359
1/18/22 17:00,41222.6808,17977.964
1/18/22 18:00,42624.62735,18615.8754
1/18/22 19:00,42543.10356,18951.6707
1/18/22 20:00,41919.48139,19006.4471
1/18/22 21:00,40293.48843,18977.9951
1/18/22 22:00,37903.8221,18909.8795
1/18/22 23:00,35764.19527,18954.7143
1/19/22 0:00,34430.56002,18859.9814
1/19/22 1:00,33943.8485,18624.6912
1/19/22 2:00,33474.49538,18366.7378
1/19/22 3:00,33914.87505,18325.7771
1/19/22 4:00,34561.23141,18160.5817
1/19/22 5:00,37281.26349,17835.4923
1/19/22 6:00,41178.0495,17723.9821
1/19/22 7:00,42442.15537,17713.1571
1/19/22 8:00,41641.67205,17568.89408
1/19/22 9:00,41277.41838,16783.35728
1/19/22 10:00,41044.51842,14744.038
1/19/22 11:00,41356.22295,12742.2912
1/19/22 12:00,41639.19751,12515.5974
1/19/22 13:00,41848.04749,11635.0915
1/19/22 14:00,41788.92558,11090.6623
1/19/22 15:00,41600.04095,10776.7137
1/19/22 16:00,41326.06743,10719.9301
1/19/22 17:00,42088.15514,10291.7847
1/19/22 18:00,43547.47324,12599.7351
1/19/22 19:00,42552.07341,14966.8799
1/19/22 20:00,41220.13902,16677.2991
1/19/22 21:00,39606.04686,17311.4175
1/19/22 22:00,37249.93373,17565.0048
1/19/22 23:00,34531.66954,17734.074
1/26/22 0:00,37645.2062,13065.6936
1/26/22 1:00,36928.13841,13161.5923
1/26/22 2:00,36799.20218,12203.3914
1/26/22 3:00,36954.53021,11948.7169
1/26/22 4:00,37785.08038,12086.4753
1/26/22 5:00,40348.23688,12272.8381
1/26/22 6:00,43928.65794,11693.6647
1/26/22 7:00,45359.51138,11455.9881
1/26/22 8:00,44426.74821,11028.80622
1/26/22 9:00,43593.89896,10324.13398
1/26/22 10:00,43117.15874,9467.0874
1/26/22 11:00,42599.28218,9956.7094
1/26/22 12:00,41980.99494,11706.8085
1/26/22 13:00,41590.66075,12694.4176
1/26/22 14:00,40802.47968,13206.3779
1/26/22 15:00,40848.01316,13506.8636
1/26/22 16:00,41488.26318,14358.1448
1/26/22 17:00,43246.31755,14927.972
1/26/22 18:00,45890.25368,15226.6033
1/26/22 19:00,46117.55404,15843.6364
1/26/22 20:00,45711.01934,16177.9905
1/26/22 21:00,44607.32235,16137.7458
1/26/22 22:00,42386.7725,16273.2089
1/26/22 23:00,40238.3777,16060.8748
1/28/22 0:00,34644.53752,17041.515
1/28/22 1:00,33679.30245,17426.7794
1/28/22 2:00,33042.27645,17019.1489
1/28/22 3:00,32606.27862,16480.1557
1/28/22 4:00,32928.69313,15560.133
1/28/22 5:00,35242.22478,14587.3121
1/28/22 6:00,39090.89704,13685.6303
1/28/22 7:00,40449.25589,13511.15882
1/28/22 8:00,40015.42753,12736.117
1/28/22 9:00,40108.5421,12483.8809
1/28/22 10:00,40105.32519,11699.3462
1/28/22 11:00,40196.80907,12535.8691
1/28/22 12:00,39837.89809,13503.9009
1/28/22 13:00,39756.9873,12596.6889
1/28/22 14:00,39547.61345,14939.0864
1/28/22 15:00,39551.56997,14523.7147
1/28/22 16:00,40385.50077,14045.2971
1/28/22 17:00,40930.91906,13426.8792
1/28/22 18:00,42993.39392,12247.4448
1/28/22 19:00,42625.61572,12371.3473
1/28/22 20:00,41737.43304,12569.8826
1/28/22 21:00,40449.5282,11976.5057
1/28/22 22:00,38408.53236,11304.3315
1/28/22 23:00,36417.34718,9703.2482
1/31/22 0:00,38479.39584,10865.7026
1/31/22 1:00,38574.40734,12780.9828
1/31/22 2:00,38384.54889,13730.0926
1/31/22 3:00,38981.09773,14754.8378
1/31/22 4:00,39671.53441,15534.5093
1/31/22 5:00,41006.33808,15755.7335
1/31/22 6:00,42545.80398,16009.2059
1/31/22 7:00,42886.03997,16066.38656
1/31/22 8:00,42028.68671,15683.4409
1/31/22 9:00,41335.26505,14444.7728
1/31/22 10:00,40140.31839,12142.4848
1/31/22 11:00,38607.86366,14377.2353
1/31/22 12:00,37834.0706,15376.134
1/31/22 13:00,37417.83368,15660.8168
1/31/22 14:00,37014.86888,15431.5718
1/31/22 15:00,36979.12099,16357.4423
1/31/22 16:00,37070.9181,16886.8861
1/31/22 17:00,37970.45893,17262.5189
1/31/22 18:00,40288.20502,17964.33382
1/31/22 19:00,40603.55228,18126.6703
1/31/22 20:00,39924.52456,18132.8021
1/31/22 21:00,38919.49062,18198.1875
1/31/22 22:00,37346.77783,17743.2303
1/31/22 23:00,34972.69247,17383.8105
02-05-22 00:00,41075.33927,13159.7566
02-05-22 01:00,41178.19653,15770.2049
02-05-22 02:00,41319.91005,17188.599
02-05-22 03:00,41259.1141,17896.5969
02-05-22 04:00,42085.87172,18051.948
02-05-22 05:00,44482.86446,18166.4214
02-05-22 06:00,47565.14418,18336.365
02-05-22 07:00,48152.30905,18574.1597
02-05-22 08:00,45738.84133,17912.16266
02-05-22 09:00,44225.0696,16416.6864
02-05-22 10:00,42800.48545,15894.1035
02-05-22 11:00,41581.25401,16336.2265
02-05-22 12:00,41211.34155,15170.7933
02-05-22 13:00,41335.77746,15465.9224
02-05-22 14:00,40873.29501,13240.0989
02-05-22 15:00,40702.61942,11926.9499
02-05-22 16:00,40631.96635,11365.1223
02-05-22 17:00,40632.49858,10497.8197
02-05-22 18:00,40789.39272,11363.88986
02-05-22 19:00,40585.56446,12528.3701
02-05-22 20:00,39357.5615,13550.6047
02-05-22 21:00,38000.20537,16289.0879
02-05-22 22:00,36345.4835,16592.4507
02-05-22 23:00,34607.5989,16204.5892
02-10-22 00:00,35379.60399,15734.8719
02-10-22 01:00,34095.73452,14949.2871
02-10-22 02:00,33762.92552,14041.9163
02-10-22 03:00,33876.26171,11656.458
02-10-22 04:00,34117.35476,9273.6611
02-10-22 05:00,36632.14093,9990.5784
02-10-22 06:00,40432.96613,11634.7973
02-10-22 07:00,41902.28706,13878.05086
02-10-22 08:00,41542.94032,15112.8603
02-10-22 09:00,41790.24505,16041.6834
02-10-22 10:00,42272.92537,16650.9924
02-10-22 11:00,42418.85077,15671.9655
02-10-22 12:00,42426.68611,15637.6768
02-10-22 13:00,43014.60446,15778.8086
02-10-22 14:00,43294.75909,14905.7474
02-10-22 15:00,42749.13322,14333.7922
02-10-22 16:00,43798.67511,13635.8268
02-10-22 17:00,45600.79722,14469.1913
02-10-22 18:00,47628.11751,14687.6824
02-10-22 19:00,48852.58979,15068.5178
02-10-22 20:00,49002.72548,14809.0091
02-10-22 21:00,47846.95808,15741.0507
02-10-22 22:00,45434.57736,15945.269
02-10-22 23:00,43307.79113,15394.0145
2/27/22 0:00,39194.29008,15841.8676
2/27/22 1:00,38300.18884,16250.6265
2/27/22 2:00,38028.53612,16200.6087
2/27/22 3:00,38272.94942,16155.8646
2/27/22 4:00,38474.09799,16058.3176
2/27/22 5:00,39702.12113,15864.4084
2/27/22 6:00,41499.09071,15698.7202
2/27/22 7:00,41794.87989,15664.3545
2/27/22 8:00,41685.00789,15712.8878
2/27/22 9:00,41602.20695,13686.3681
2/27/22 10:00,39829.13433,13924.3719
2/27/22 11:00,38811.79192,14618.3787
2/27/22 12:00,38583.46411,13917.4338
2/27/22 13:00,37555.27535,14088.3049
2/27/22 14:00,37648.19119,14137.4097
2/27/22 15:00,37549.55558,15134.8212
2/27/22 16:00,37175.48378,14373.2086
2/27/22 17:00,37413.99406,14972.8318
2/27/22 18:00,38588.74395,15248.4984
2/27/22 19:00,38916.28927,15991.5692
2/27/22 20:00,38219.01673,16420.8402
2/27/22 21:00,37076.13308,16331.9514
2/27/22 22:00,35571.60496,15796.7583
2/27/22 23:00,34238.06102,15816.6199
03-02-22 00:00,35794.79012,9726.6554
03-02-22 01:00,34440.60887,9183.5896
03-02-22 02:00,33687.02929,9110.4299
03-02-22 03:00,33492.99769,10140.0539
03-02-22 04:00,34076.59653,10325.6975
03-02-22 05:00,35783.5991,10874.1307
03-02-22 06:00,39493.44502,11305.9443
03-02-22 07:00,40639.14448,11009.3382
03-02-22 08:00,40458.12898,10795.3513
03-02-22 09:00,41166.11811,9400.5339
03-02-22 10:00,41793.48943,10218.4343
03-02-22 11:00,42488.30917,9823.2961
03-02-22 12:00,43051.69893,9709.7065
03-02-22 13:00,44076.14928,10716.229
03-02-22 14:00,44519.65599,11258.6776
03-02-22 15:00,45034.82937,12549.8981
03-02-22 16:00,45247.36482,12960.1677
03-02-22 17:00,44469.04524,13649.896
03-02-22 18:00,43779.68187,14146.2194
03-02-22 19:00,43755.18964,13796.5344
03-02-22 20:00,44359.26854,13548.805
03-02-22 21:00,42752.28207,12396.8449
03-02-22 22:00,39660.58045,11210.5013
03-02-22 23:00,36810.98239,9997.8185
03-07-22 00:00,35264.55873,16302.6604
03-07-22 01:00,33915.69363,16011.473
03-07-22 02:00,33204.33789,15961.1473
03-07-22 03:00,32603.04926,16100.1256
03-07-22 04:00,32540.52022,15855.9375
03-07-22 05:00,32579.21686,15378.2866
03-07-22 06:00,33145.7553,14744.6829
03-07-22 07:00,34448.69569,14157.08412
03-07-22 08:00,35839.14328,13373.3344
03-07-22 09:00,37479.55941,13053.7205
03-07-22 10:00,38313.59976,12733.2798
03-07-22 11:00,38926.12797,13389.1143
03-07-22 12:00,39679.97158,13582.0659
03-07-22 13:00,40579.96005,13994.2773
03-07-22 14:00,40694.70376,15246.513
03-07-22 15:00,40948.65194,15773.6463
03-07-22 16:00,40819.50217,15867.7393
03-07-22 17:00,40315.26324,16798.346
03-07-22 18:00,40238.99553,17090.22129
03-07-22 19:00,41210.03444,17516.849
03-07-22 20:00,42583.26543,17786.4057
03-07-22 21:00,41682.57498,17662.766
03-07-22 22:00,39911.77716,17747.6594
03-07-22 23:00,37458.6547,17466.2875
03-08-22 00:00,35479.60004,16924.5838
03-08-22 01:00,34185.01226,16467.0784
03-08-22 02:00,33430.81201,15995.3234
03-08-22 03:00,33114.36534,15332.1615
03-08-22 04:00,33468.95331,14884.5901
03-08-22 05:00,35108.19179,14405.5789
03-08-22 06:00,38407.14414,13886.9602
03-08-22 07:00,40231.32291,13291.0798
03-08-22 08:00,40383.73593,12394.994
03-08-22 09:00,41156.62577,11464.2916
03-08-22 10:00,41980.11585,11087.3804
03-08-22 11:00,43250.26513,11836.1431
03-08-22 12:00,44075.2297,11542.0685
03-08-22 13:00,44753.28115,11866.4044
03-08-22 14:00,45022.03351,12232.3052
03-08-22 15:00,45038.47313,12845.5494
03-08-22 16:00,44859.15488,13190.73708
03-08-22 17:00,44108.44833,12795.69838
03-08-22 18:00,43866.73565,12916.51754
03-08-22 19:00,44509.474,13279.8975
03-08-22 20:00,45408.98979,13426.5929
03-08-22 21:00,44373.65365,13260.8019
03-08-22 22:00,42078.3017,14526.9385
03-08-22 23:00,39135.33896,14948.0666
03-09-22 00:00,37116.59406,16207.3576
03-09-22 01:00,35853.95676,16228.0377
03-09-22 02:00,35043.77158,16008.2065
03-09-22 03:00,34536.72002,15723.8003
03-09-22 04:00,34524.37059,15868.5565
03-09-22 05:00,36248.03246,16078.0006
03-09-22 06:00,39482.79719,15559.5503
03-09-22 07:00,41353.38625,15561.39742
03-09-22 08:00,41076.41027,15689.3068
03-09-22 09:00,41687.41668,15206.08358
03-09-22 10:00,42214.49652,16255.229
03-09-22 11:00,42848.508,15335.6459
03-09-22 12:00,43400.01177,13924.6891
03-09-22 13:00,43926.91997,14082.565
03-09-22 14:00,44272.60515,14021.5519
03-09-22 15:00,44538.4376,13482.1824
03-09-22 16:00,44317.1596,13528.3424
03-09-22 17:00,43736.0668,13363.6908
03-09-22 18:00,42939.48577,11950.7152
03-09-22 19:00,43238.35184,11533.8441
03-09-22 20:00,44284.25468,11355.7317
03-09-22 21:00,43230.51667,12738.1138
03-09-22 22:00,41001.38678,13447.5286
03-09-22 23:00,39546.31042,13882.9411
03-12-22 00:00,38427.20955,15818.2067
03-12-22 01:00,37027.07141,16280.4136
03-12-22 02:00,36501.91825,16411.8602
03-12-22 03:00,36167.11793,15602.5738
03-12-22 04:00,36409.47126,15268.6482
03-12-22 05:00,37583.95158,15431.2866
03-12-22 06:00,40725.61886,15327.3708
03-12-22 07:00,42613.89635,14674.0435
03-12-22 08:00,42533.22278,13583.3247
03-12-22 09:00,43440.57458,10564.2732
03-12-22 10:00,44207.28678,10252.646
03-12-22 11:00,45214.61513,11382.0255
03-12-22 12:00,46087.51774,11155.7455
03-12-22 13:00,47034.9385,10282.446
03-12-22 14:00,47594.57185,11235.6413
03-12-22 15:00,47459.63478,12188.1825
03-12-22 16:00,47156.6238,12092.2962
03-12-22 17:00,46349.75529,12117.2837
03-12-22 18:00,45393.50906,11956.84152
03-12-22 19:00,45367.00349,13334.5371
03-12-22 20:00,45876.8569,14881.2526
03-12-22 21:00,45159.99771,16288.5229
03-12-22 22:00,43834.92234,16156.662
03-12-22 23:00,41465.04703,16484.7162
3/15/22 0:00,37361.36739,15000.7469
3/15/22 1:00,36736.722,15036.5794
3/15/22 2:00,36662.95598,15691.5305
3/15/22 3:00,36692.80399,15647.3372
3/15/22 4:00,37424.49516,15819.5323
3/15/22 5:00,39350.29114,15689.5556
3/15/22 6:00,42781.82954,15529.92922
3/15/22 7:00,43151.79957,15130.12133
3/15/22 8:00,41870.60668,13628.2888
3/15/22 9:00,41402.78587,12514.4228
3/15/22 10:00,41238.19467,14088.7267
3/15/22 11:00,41295.87628,14903.8359
3/15/22 12:00,41250.30955,15075.0088
3/15/22 13:00,40973.95922,15176.5228
3/15/22 14:00,40652.5159,15332.7578
3/15/22 15:00,40138.84073,14966.2117
3/15/22 16:00,40377.37904,14215.2238
3/15/22 17:00,40532.15622,14315.0802
3/15/22 18:00,41239.43983,14767.83228
3/15/22 19:00,42106.7116,15566.7611
3/15/22 20:00,42960.88847,15863.3044
3/15/22 21:00,41956.90262,16242.1561
3/15/22 22:00,39690.13911,16409.598
3/15/22 23:00,37110.40829,16303.3205
3/20/22 0:00,37785.06641,12540.9622
3/20/22 1:00,36325.39952,12791.1551
3/20/22 2:00,35386.9125,11089.9326
3/20/22 3:00,34768.49147,11116.2588
3/20/22 4:00,34614.41724,11443.0037
3/20/22 5:00,35091.76236,10425.8268
3/20/22 6:00,36171.80093,10279.3363
3/20/22 7:00,37376.47902,10453.4149
3/20/22 8:00,38496.78655,10444.8466
3/20/22 9:00,39609.67721,12011.7333
3/20/22 10:00,40481.40734,14103.725
3/20/22 11:00,40784.11472,15500.7737
3/20/22 12:00,40658.27565,16529.7502
3/20/22 13:00,40704.03608,17327.198
3/20/22 14:00,40990.84699,17069.7702
3/20/22 15:00,41038.60428,17595.684
3/20/22 16:00,41522.37333,16927.16728
3/20/22 17:00,41449.10621,17591.3186
3/20/22 18:00,40886.5578,17459.93229
3/20/22 19:00,41252.73862,16894.1145
3/20/22 20:00,41445.99246,15703.7135
3/20/22 21:00,41107.19857,15338.6143
3/20/22 22:00,39861.33501,14670.9887
3/20/22 23:00,39457.01172,14418.6624
3/26/22 0:00,39163.64836,16974.0525
3/26/22 1:00,38731.8397,17028.7427
3/26/22 2:00,38959.59899,17094.7832
3/26/22 3:00,39379.48585,17064.213
3/26/22 4:00,40768.9241,17110.5409
3/26/22 5:00,43107.03217,17061.4753
3/26/22 6:00,46163.54917,17066.85043
3/26/22 7:00,45011.66133,16400.067
3/26/22 8:00,42784.52964,15101.3888
3/26/22 9:00,42358.77419,16270.6446
3/26/22 10:00,41985.8989,16329.6704
3/26/22 11:00,41243.97448,16687.7786
3/26/22 12:00,40601.20854,17904.0616
3/26/22 13:00,40632.9348,17271.82758
3/26/22 14:00,40722.77574,17912.5302
3/26/22 15:00,40388.74778,17318.83307
3/26/22 16:00,40056.21179,18271.9934
3/26/22 17:00,39706.68264,17877.0056
3/26/22 18:00,40440.94864,18102.1692
3/26/22 19:00,41543.47122,18435.9491
3/26/22 20:00,42175.70836,18268.8206
3/26/22 21:00,41224.93879,18307.5148
3/26/22 22:00,39629.07625,18141.3926
3/26/22 23:00,37476.43201,17928.202
3/30/22 0:00,35460.24339,18726.3581
3/30/22 1:00,34535.92064,18621.7056
3/30/22 2:00,33937.16373,18444.1789
3/30/22 3:00,33554.38116,18203.8329
3/30/22 4:00,33797.60641,17855.0923
3/30/22 5:00,35379.50225,17453.5972
3/30/22 6:00,38834.70981,16690.6153
3/30/22 7:00,40450.76341,16179.7565
3/30/22 8:00,40394.08232,14797.5781
3/30/22 9:00,41057.94067,13857.3796
3/30/22 10:00,41686.49693,14790.1307
3/30/22 11:00,42562.45007,15029.2701
3/30/22 12:00,43242.51349,14077.9274
3/30/22 13:00,43393.21471,14827.235
3/30/22 14:00,43392.21406,14972.8762
3/30/22 15:00,43744.15243,13629.5686
3/30/22 16:00,43584.71699,14657.7575
3/30/22 17:00,43085.18017,13279.8779
3/30/22 18:00,42961.94206,13379.7453
3/30/22 19:00,43730.41773,12951.4577
3/30/22 20:00,44825.25633,11845.902
3/30/22 21:00,43717.6775,10668.0189
3/30/22 22:00,41414.48775,9509.6051
3/30/22 23:00,38611.50982,8471.8291
04-01-22 00:00,39296.65002,12749.9051
04-01-22 01:00,37769.14959,13371.3549
04-01-22 02:00,36801.74209,14040.1868
04-01-22 03:00,36409.40145,14413.8419
04-01-22 04:00,36587.83852,14149.2102
04-01-22 05:00,38293.82402,13835.3089
04-01-22 06:00,41713.15396,13390.52469
04-01-22 07:00,43216.36068,12116.44
04-01-22 08:00,43571.41092,11145.88524
04-01-22 09:00,44789.51863,10607.7288
04-01-22 10:00,46674.86522,11475.9021
04-01-22 11:00,47894.18361,12669.6729
04-01-22 12:00,49023.84478,13171.4418
04-01-22 13:00,50425.2217,13396.8229
04-01-22 14:00,50925.21723,13569.4999
04-01-22 15:00,50883.14513,13695.2204
04-01-22 16:00,50996.77814,14650.02658
04-01-22 17:00,49623.6091,14139.42276
04-01-22 18:00,48496.28069,13555.2906
04-01-22 19:00,48134.93002,13949.9003
04-01-22 20:00,49234.55954,14168.9503
04-01-22 21:00,48223.11773,15262.4802
04-01-22 22:00,45563.51384,15792.5696
04-01-22 23:00,42363.60374,16160.6024
04-05-22 00:00,37372.40498,16393.1555
04-05-22 01:00,35768.03809,16138.76
04-05-22 02:00,34917.88961,15951.41
04-05-22 03:00,34561.02643,15750.2451
04-05-22 04:00,34924.62132,15067.2472
04-05-22 05:00,36629.83813,14799.5116
04-05-22 06:00,39823.34152,14455.33577
04-05-22 07:00,41037.36547,13544.78
04-05-22 08:00,41587.17331,12340.987
04-05-22 09:00,42739.13194,11314.4719
04-05-22 10:00,44482.56601,12016.2562
04-05-22 11:00,46140.56548,12073.7245
04-05-22 12:00,47487.60829,11283.8173
04-05-22 13:00,49290.38589,12145.0507
04-05-22 14:00,50755.98903,12343.1302
04-05-22 15:00,51624.48961,13740.132
04-05-22 16:00,52423.66463,14583.8258
04-05-22 17:00,51997.69805,14993.3965
04-05-22 18:00,50380.73409,15604.14348
04-05-22 19:00,49541.52534,17005.3406
04-05-22 20:00,49937.46139,17925.9262
04-05-22 21:00,48405.82192,18106.1848
04-05-22 22:00,45183.47125,17633.071
04-05-22 23:00,41694.9592,17154.6043
04-06-22 00:00,39072.39218,17262.2691
04-06-22 01:00,37400.82552,17296.8306
04-06-22 02:00,36335.67995,17562.1526
04-06-22 03:00,35798.28793,17309.2022
04-06-22 04:00,35931.67311,17020.9635
04-06-22 05:00,37642.27557,16596.1259
04-06-22 06:00,41021.30453,16189.99674
04-06-22 07:00,42135.91608,14467.0135
04-06-22 08:00,42463.08985,13771.8967
04-06-22 09:00,43450.33647,16089.1213
04-06-22 10:00,44765.13557,16829.7531
04-06-22 11:00,46158.46606,17362.6555
04-06-22 12:00,47276.06196,16037.9846
04-06-22 13:00,48680.91985,17296.9359
04-06-22 14:00,50145.91982,16885.1517
04-06-22 15:00,50877.76462,17546.9154
04-06-22 16:00,51302.77161,17280.0737
04-06-22 17:00,51750.32045,17047.0112
04-06-22 18:00,50998.89352,16966.9981
04-06-22 19:00,49622.1623,16342.5122
04-06-22 20:00,50376.86325,15423.2967
04-06-22 21:00,48680.3407,15500.4963
04-06-22 22:00,45341.97253,15653.0834
04-06-22 23:00,41757.83828,15817.7988
04-07-22 00:00,38968.95994,16089.6488
04-07-22 01:00,37268.85566,16317.4454
04-07-22 02:00,36207.79366,15881.6123
04-07-22 03:00,35541.50611,15518.8542
04-07-22 04:00,35925.01867,15081.7452
04-07-22 05:00,37564.33388,14908.4264
04-07-22 06:00,41063.80276,14316.3676
04-07-22 07:00,42260.81635,12680.8891
04-07-22 08:00,42642.66291,10299.4547
04-07-22 09:00,43782.95856,10361.3227
04-07-22 10:00,45980.21992,12261.6276
04-07-22 11:00,47877.69915,14084.2612
04-07-22 12:00,49883.37466,13553.7188
04-07-22 13:00,51571.46275,13556.4792
04-07-22 14:00,53685.20417,13662.6044
04-07-22 15:00,54703.29399,13482.7954
04-07-22 16:00,55563.68931,13729.9024
04-07-22 17:00,54200.93518,13993.9714
04-07-22 18:00,52261.67145,13577.7668
04-07-22 19:00,50504.98998,14856.98058
04-07-22 20:00,49591.93176,15444.7917
04-07-22 21:00,47842.94957,15252.4791
04-07-22 22:00,44071.74015,15134.9211
04-07-22 23:00,40452.88824,15578.1451
04-10-22 00:00,35343.7689,16130.5886
04-10-22 01:00,34056.44683,16114.8323
04-10-22 02:00,33271.24119,16106.2094
04-10-22 03:00,32921.13943,16140.9239
04-10-22 04:00,33021.67545,16080.2482
04-10-22 05:00,33557.02085,15949.4381
04-10-22 06:00,34677.11501,15494.075
04-10-22 07:00,35636.60928,14294.2834
04-10-22 08:00,36804.24887,11570.3976
04-10-22 09:00,38686.55211,13707.6433
04-10-22 10:00,40359.21978,14736.488
04-10-22 11:00,41200.71025,13682.8903
04-10-22 12:00,41965.68328,13877.4653
04-10-22 13:00,43052.49265,14969.0364
04-10-22 14:00,43646.16381,16063.557
04-10-22 15:00,44491.84566,15369.1139
04-10-22 16:00,44950.48096,15895.1805
04-10-22 17:00,44842.27065,17446.1556
04-10-22 18:00,44137.55447,17826.97744
04-10-22 19:00,42950.88331,17685.2808
04-10-22 20:00,43293.33256,17735.2216
04-10-22 21:00,42218.57792,17902.97
04-10-22 22:00,40297.30141,17877.7876
04-10-22 23:00,37970.94503,17906.9721
4/14/22 0:00,37818.81544,16243.2067
4/14/22 1:00,36112.95217,15989.0524
4/14/22 2:00,35038.11652,15530.6718
4/14/22 3:00,34362.08293,15324.7566
4/14/22 4:00,34473.34906,15194.0136
4/14/22 5:00,36113.92595,15412.1872
4/14/22 6:00,39443.60659,14721.618
4/14/22 7:00,40707.01327,13151.0689
4/14/22 8:00,41280.18897,11630.67
4/14/22 9:00,42693.39297,11177.819
4/14/22 10:00,43973.60891,11378.018
4/14/22 11:00,45324.42908,11067.6565
4/14/22 12:00,47164.61706,11211.5053
4/14/22 13:00,49041.07829,11248.8673
4/14/22 14:00,50997.27504,12467.2859
4/14/22 15:00,52496.35062,13445.8451
4/14/22 16:00,53378.08305,14970.3671
4/14/22 17:00,53448.72617,15336.6207
4/14/22 18:00,52278.46702,16306.1747
4/14/22 19:00,50688.73376,17652.349
4/14/22 20:00,50803.32675,18056.3572
4/14/22 21:00,49166.34456,18064.0654
4/14/22 22:00,45713.58143,18327.9719
4/14/22 23:00,41906.42331,18231.2491
4/15/22 0:00,39382.85159,18452.407
4/15/22 1:00,37604.46538,18414.8817
4/15/22 2:00,36563.85223,18166.0017
4/15/22 3:00,35946.42848,17937.556
4/15/22 4:00,36130.79751,18055.7275
4/15/22 5:00,37716.04651,17539.5926
4/15/22 6:00,41066.01503,17064.30034
4/15/22 7:00,42216.03475,16420.1555
4/15/22 8:00,42732.0502,14734.3682
4/15/22 9:00,44178.00599,14724.816
4/15/22 10:00,45903.5892,13977.7291
4/15/22 11:00,48028.68458,14106.2443
4/15/22 12:00,50041.29286,13693.1307
4/15/22 13:00,51866.42727,13757.1145
4/15/22 14:00,54111.31212,13730.4056
4/15/22 15:00,55074.1913,14704.5607
4/15/22 16:00,55810.84622,16207.3224
4/15/22 17:00,55532.60055,16084.9924
4/15/22 18:00,53885.08643,15915.0203
4/15/22 19:00,52331.40477,16575.44178
4/15/22 20:00,52469.56454,16480.4489
4/15/22 21:00,50659.06441,16282.1417
4/15/22 22:00,47426.89995,16137.3287
4/15/22 23:00,43649.72663,15673.5678
05-02-22 00:00,42155.49679,13797.7088
05-02-22 01:00,40168.02091,13395.8054
05-02-22 02:00,38464.4741,12834.4681
05-02-22 03:00,37560.11665,12424.5332
05-02-22 04:00,37189.1469,12611.2971
05-02-22 05:00,37128.87128,12759.1973
05-02-22 06:00,37275.78888,12892.5674
05-02-22 07:00,37595.8076,11473.3185
05-02-22 08:00,40027.90355,10475.9805
05-02-22 09:00,42992.90101,10695.4355
05-02-22 10:00,45333.0137,11043.6258
05-02-22 11:00,47420.9172,11568.9775
05-02-22 12:00,48947.35224,12197.3287
05-02-22 13:00,50749.35212,12787.3265
05-02-22 14:00,52591.22306,13039.5315
05-02-22 15:00,53756.03285,14036.3971
05-02-22 16:00,53071.34171,14956.0224
05-02-22 17:00,53276.77791,15005.90966
05-02-22 18:00,52514.8778,14535.3864
05-02-22 19:00,50370.05645,15112.9267
05-02-22 20:00,50195.40978,15571.612
05-02-22 21:00,49741.57416,16263.2523
05-02-22 22:00,47107.62088,17170.442
05-02-22 23:00,44289.00929,17333.9481
05-10-22 00:00,44434.30101,11772.7198
05-10-22 01:00,42268.20932,12070.1881
05-10-22 02:00,41132.58274,11302.6152
05-10-22 03:00,40302.80172,12138.3197
05-10-22 04:00,40461.38311,11819.041
05-10-22 05:00,41901.12757,12723.7647
05-10-22 06:00,44025.33802,13865.6966
05-10-22 07:00,45262.84564,13911.538
05-10-22 08:00,46605.42616,13966.0053
05-10-22 09:00,49113.0355,14715.4722
05-10-22 10:00,51527.18948,13200.6913
05-10-22 11:00,53961.36782,14045.4613
05-10-22 12:00,55457.93052,13792.5933
05-10-22 13:00,56592.8046,12441.4899
05-10-22 14:00,57921.18659,12032.5842
05-10-22 15:00,58195.24436,11115.7193
05-10-22 16:00,57384.48419,10229.6579
05-10-22 17:00,56309.75675,10975.4356
05-10-22 18:00,54747.5624,10342.8502
05-10-22 19:00,52730.43066,10171.4742
05-10-22 20:00,52180.81286,10395.2338
05-10-22 21:00,50822.7206,9598.8211
05-10-22 22:00,47467.97085,8480.5108
05-10-22 23:00,43440.02506,7205.0139
5/26/22 0:00,45096.38798,16169.2822
5/26/22 1:00,42966.2348,16339.1733
5/26/22 2:00,41515.88032,16433.7681
5/26/22 3:00,40717.21,16338.6908
5/26/22 4:00,40572.96595,15968.6244
5/26/22 5:00,42067.21311,15616.19838
5/26/22 6:00,45023.6194,14730.7885
5/26/22 7:00,46325.0551,13608.3959
5/26/22 8:00,47973.32345,11214.7695
5/26/22 9:00,50205.91656,10665.6564
5/26/22 10:00,52826.01611,10647.684
5/26/22 11:00,55010.03016,12406.4072
5/26/22 12:00,57373.72658,12068.7126
5/26/22 13:00,59900.89412,11535.9779
5/26/22 14:00,62057.76733,12777.9219
5/26/22 15:00,63628.60483,14088.2654
5/26/22 16:00,64507.57379,14706.9853
5/26/22 17:00,64383.52671,16156.9161
5/26/22 18:00,63021.85497,16463.8786
5/26/22 19:00,60450.01405,17147.7784
5/26/22 20:00,59190.23461,17015.8316
5/26/22 21:00,57541.25947,16817.612
5/26/22 22:00,53626.15727,17008.0535
5/26/22 23:00,49335.85884,17006.9207
5/27/22 0:00,45761.48163,17149.2167
5/27/22 1:00,43559.73776,17271.3871
5/27/22 2:00,42167.90171,17309.3679
5/27/22 3:00,41357.9727,17405.8989
5/27/22 4:00,41318.45762,16985.1753
5/27/22 5:00,42688.30142,16374.99244
5/27/22 6:00,45566.24287,15506.7205
5/27/22 7:00,46935.47283,15190.405
5/27/22 8:00,48588.96774,14178.8301
5/27/22 9:00,50869.54056,14680.7538
5/27/22 10:00,53549.62546,15666.9767
5/27/22 11:00,55938.87613,16363.4989
5/27/22 12:00,58177.98599,15476.4608
5/27/22 13:00,60651.26938,16522.1305
5/27/22 14:00,62859.83382,15261.3946
5/27/22 15:00,64474.98846,15405.1258
5/27/22 16:00,64674.88448,15790.5248
5/27/22 17:00,64465.3276,16097.0106
5/27/22 18:00,62864.78962,16314.2969
5/27/22 19:00,60355.81889,17330.85955
5/27/22 20:00,59242.43125,17413.3661
5/27/22 21:00,57864.60635,17368.5549
5/27/22 22:00,54107.36125,17518.8699
5/27/22 23:00,50006.04158,17291.6087
5/28/22 0:00,46279.97991,17398.6438
5/28/22 1:00,43816.32235,17320.1996
5/28/22 2:00,42479.83992,17254.6885
5/28/22 3:00,41574.32969,16948.1015
5/28/22 4:00,41241.74155,16639.7547
5/28/22 5:00,42797.69273,16315.3334
5/28/22 6:00,45444.98457,15423.9896
5/28/22 7:00,47020.49592,14733.9548
5/28/22 8:00,48323.2122,15602.7088
5/28/22 9:00,50068.14251,15075.6505
5/28/22 10:00,51936.45603,15415.8634
5/28/22 11:00,52712.87643,14317.562
5/28/22 12:00,54307.28983,12778.658
5/28/22 13:00,55590.31771,12047.3025
5/28/22 14:00,56898.31596,11678.3557
5/28/22 15:00,57515.25612,10429.3322
5/28/22 16:00,58084.20371,10343.3937
5/28/22 17:00,57913.46289,11664.4966
5/28/22 18:00,56809.16024,13945.9799
5/28/22 19:00,55186.10725,14979.0637
5/28/22 20:00,53970.4571,15835.6724
5/28/22 21:00,53446.51735,15865.9328
5/28/22 22:00,50916.13283,16310.9253
5/28/22 23:00,47593.55387,16267.9014
10-01-22 00:00,45274.40753,15686.134
10-01-22 01:00,43050.68923,15751.0656
10-01-22 02:00,41645.06641,15495.4181
10-01-22 03:00,40772.52827,15134.1013
10-01-22 04:00,40497.1332,14759.0226
10-01-22 05:00,41776.5943,14218.1929
10-01-22 06:00,44741.62913,13752.93118
10-01-22 07:00,46061.59346,12576.723
10-01-22 08:00,46871.44377,10684.5991
10-01-22 09:00,49547.06202,9468.9702
10-01-22 10:00,52814.46832,10062.7016
10-01-22 11:00,55575.01049,10312.4804
10-01-22 12:00,57783.37377,9871.1791
10-01-22 13:00,60329.92508,10068.4678
10-01-22 14:00,62068.57821,10850.5606
10-01-22 15:00,62829.70046,10893.4654
10-01-22 16:00,63316.99483,11224.4265
10-01-22 17:00,62317.43968,12261.8173
10-01-22 18:00,60621.21303,13877.50345
10-01-22 19:00,58964.51277,14352.6516
10-01-22 20:00,57159.80526,14688.9971
10-01-22 21:00,55262.94894,15820.9932
10-01-22 22:00,52033.86653,16282.5502
10-01-22 23:00,48695.16239,16217.2343
10/25/22 0:00,35462.58772,12802.0861
10/25/22 1:00,34399.82837,12922.4037
10/25/22 2:00,33696.88401,12866.1867
10/25/22 3:00,33833.49574,12868.0905
10/25/22 4:00,34266.83887,12324.2401
10/25/22 5:00,36193.07386,12402.4965
10/25/22 6:00,39614.67724,11764.4367
10/25/22 7:00,41183.17886,11601.8267
10/25/22 8:00,41556.83364,11232.0395
10/25/22 9:00,42823.61521,10346.718
10/25/22 10:00,44246.69604,10494.945
10/25/22 11:00,44928.15933,10622.0858
10/25/22 12:00,45258.16688,10902.0964
10/25/22 13:00,45641.68056,11016.8097
10/25/22 14:00,45922.41201,10760.2403
10/25/22 15:00,46432.08434,10179.2749
10/25/22 16:00,46615.50598,9367.4689
10/25/22 17:00,46639.5367,9384.8755
10/25/22 18:00,46582.4461,10360.7125
10/25/22 19:00,47390.11893,11058.9781
10/25/22 20:00,47186.16865,11769.6711
10/25/22 21:00,45875.11755,12166.8387
10/25/22 22:00,43416.86809,12304.7337
10/25/22 23:00,40643.55814,12257.3057
10/27/22 0:00,40022.45965,16699.6335
10/27/22 1:00,37976.53154,17008.8161
10/27/22 2:00,36996.89964,16763.8012
10/27/22 3:00,36136.1194,17285.5358
10/27/22 4:00,36064.67651,18753.972
10/27/22 5:00,37725.76931,18082.7063
10/27/22 6:00,40677.71456,17996.4444
10/27/22 7:00,41315.39715,17796.1825
10/27/22 8:00,40748.30574,17373.5602
10/27/22 9:00,41120.62185,17488.5525
10/27/22 10:00,41571.58566,18547.9586
10/27/22 11:00,41968.912,18393.3895
10/27/22 12:00,42059.08323,17420.649
10/27/22 13:00,42504.07039,17950.1806
10/27/22 14:00,43007.52891,17624.8162
10/27/22 15:00,43510.50751,16974.0104
10/27/22 16:00,43769.77253,16313.2808
10/27/22 17:00,43384.62822,14041.4163
10/27/22 18:00,42792.74287,13365.4368
10/27/22 19:00,43301.94027,13399.1239
10/27/22 20:00,43029.62473,13375.9454
10/27/22 21:00,41741.37858,12619.3161
10/27/22 22:00,39575.19372,12271.374
10/27/22 23:00,37214.14447,10962.387
10/30/22 0:00,35450.06339,17836.8051
10/30/22 1:00,34319.58709,17846.5377
10/30/22 2:00,33674.64988,17686.212
10/30/22 3:00,33334.11495,17620.2108
10/30/22 4:00,33306.0156,17324.2474
10/30/22 5:00,33916.44188,16849.2258
10/30/22 6:00,35005.1994,16266.8794
10/30/22 7:00,35854.6414,15855.77445
10/30/22 8:00,37656.00876,15047.6605
10/30/22 9:00,40289.00851,11877.8053
10/30/22 10:00,42634.44786,10820.959
10/30/22 11:00,44420.16119,10820.6351
10/30/22 12:00,45788.61757,10981.2491
10/30/22 13:00,46555.14712,12434.3133
10/30/22 14:00,47099.63721,12105.5468
10/30/22 15:00,47369.844,12769.0589
10/30/22 16:00,46938.3383,12825.095
10/30/22 17:00,45526.96524,11876.2239
10/30/22 18:00,44743.46462,13270.6198
10/30/22 19:00,44450.06685,14026.1517
10/30/22 20:00,43244.72376,14279.903
10/30/22 21:00,42458.71124,14479.505
10/30/22 22:00,40592.91575,13998.5611
10/30/22 23:00,38238.39357,13615.0123
11-12-22 00:00,41377.64012,15528.0756
11-12-22 01:00,40753.44072,15799.2127
11-12-22 02:00,40512.06266,16005.3038
11-12-22 03:00,40737.35975,15941.8003
11-12-22 04:00,41374.67338,16068.0298
11-12-22 05:00,43497.55743,16110.0166
11-12-22 06:00,46953.55281,16020.4279
11-12-22 07:00,46232.81499,15737.40301
11-12-22 08:00,44287.55206,15201.93756
11-12-22 09:00,42955.91984,13115.9044
11-12-22 10:00,41855.90776,12817.0708
11-12-22 11:00,40979.74961,12855.6187
11-12-22 12:00,40297.37668,12732.1351
11-12-22 13:00,40008.17639,12569.5054
11-12-22 14:00,39516.91927,12999.4682
11-12-22 15:00,39382.15046,12946.0611
11-12-22 16:00,39853.69963,12293.6332
11-12-22 17:00,41253.44145,11395.9482
11-12-22 18:00,42328.85792,13475.6561
11-12-22 19:00,42195.76195,13769.3269
11-12-22 20:00,41815.31244,14034.7215
11-12-22 21:00,41016.3105,14011.1448
11-12-22 22:00,39775.97387,13250.4355
11-12-22 23:00,37977.70227,12264.5567
11/15/22 0:00,35644.747,17974.9118
11/15/22 1:00,34708.5842,17534.2763
11/15/22 2:00,34346.11766,16936.1806
11/15/22 3:00,34034.43511,16737.9652
11/15/22 4:00,34555.44597,16862.7967
11/15/22 5:00,36971.34919,17187.8826
11/15/22 6:00,40474.94427,17861.6618
11/15/22 7:00,41589.30591,18420.3528
11/15/22 8:00,42542.31602,18438.9354
11/15/22 9:00,43244.56599,18609.4996
11/15/22 10:00,43853.84708,18740.2383
11/15/22 11:00,43361.25277,18824.8643
11/15/22 12:00,43076.70772,19003.6727
11/15/22 13:00,42715.7157,19116.3544
11/15/22 14:00,42491.13505,19079.901
11/15/22 15:00,42319.60461,18023.1854
11/15/22 16:00,42684.51392,17635.6143
11/15/22 17:00,44482.98473,17951.07498
11/15/22 18:00,46220.53647,17088.6902
11/15/22 19:00,46446.55553,16803.2504
11/15/22 20:00,46399.83366,16306.6113
11/15/22 21:00,45488.04311,15701.276
11/15/22 22:00,43842.27094,14918.2476
11/15/22 23:00,42015.51635,12900.2479
11/21/22 0:00,45144.71699,14185.0973
11/21/22 1:00,44356.9394,14941.1848
11/21/22 2:00,44588.36249,15155.4456
11/21/22 3:00,45300.12351,15270.6915
11/21/22 4:00,45505.44017,15457.3299
11/21/22 5:00,46098.08448,15320.6394
11/21/22 6:00,47975.01659,15239.705
11/21/22 7:00,45860.33038,14855.52062
11/21/22 8:00,42990.06104,14625.1049
11/21/22 9:00,41243.07999,11361.6743
11/21/22 10:00,39952.4224,9417.2735
11/21/22 11:00,38914.17048,9823.395
11/21/22 12:00,38332.76774,9993.5429
11/21/22 13:00,37896.14958,9914.9167
11/21/22 14:00,37482.30481,9941.1534
11/21/22 15:00,37429.79528,9770.2407
11/21/22 16:00,38359.78318,9952.6282
11/21/22 17:00,41556.55981,11549.5862
11/21/22 18:00,43952.96584,14880.1787
11/21/22 19:00,44314.35675,15437.1737
11/21/22 20:00,44584.38179,15957.9408
11/21/22 21:00,44212.23809,16142.1168
11/21/22 22:00,42859.64949,16204.1845
11/21/22 23:00,41554.34412,16135.1531
11/30/22 0:00,42221.99249,18353.3329
11/30/22 1:00,41407.8187,18453.191
11/30/22 2:00,41244.23212,18602.4502
11/30/22 3:00,41213.99871,18261.5063
11/30/22 4:00,42195.06816,18036.2076
11/30/22 5:00,46266.12442,17779.8055
11/30/22 6:00,50335.40899,17065.8885
11/30/22 7:00,51919.51361,16659.1573
11/30/22 8:00,54370.60551,16104.75154
11/30/22 9:00,55696.23645,16383.4934
11/30/22 10:00,56715.41899,17255.45444
11/30/22 11:00,57902.81265,18945.2177
11/30/22 12:00,57923.31368,19106.5446
11/30/22 13:00,57174.40957,18979.69106
11/30/22 14:00,57274.93105,18973.8316
11/30/22 15:00,56637.6833,18591.27274
11/30/22 16:00,56942.88263,17208.2858
11/30/22 17:00,59208.23523,15023.61
11/30/22 18:00,60559.67746,14272.4355
11/30/22 19:00,60300.5777,15128.2867
11/30/22 20:00,59597.72282,15474.5604
11/30/22 21:00,57752.97728,16035.3644
11/30/22 22:00,56101.01213,15401.2336
11/30/22 23:00,53784.23192,14196.6958
12/16/22 0:00,35302.57073,16562.5908
12/16/22 1:00,34457.37613,16696.8119
12/16/22 2:00,33882.3931,16439.5818
12/16/22 3:00,33812.68885,16203.4464
12/16/22 4:00,34358.06407,15819.4933
12/16/22 5:00,36221.1467,15467.541
12/16/22 6:00,39627.74869,15309.1783
12/16/22 7:00,40687.29318,15067.90229
12/16/22 8:00,40361.29427,14646.09058
12/16/22 9:00,40686.56616,13752.7245
12/16/22 10:00,41436.64236,11546.9937
12/16/22 11:00,42637.70963,10523.4394
12/16/22 12:00,42964.13756,10034.6672
12/16/22 13:00,43882.96833,10208.5157
12/16/22 14:00,44276.08691,10305.6113
12/16/22 15:00,44060.55412,10522.0616
12/16/22 16:00,43525.82921,10898.2271
12/16/22 17:00,43978.25059,12558.914
12/16/22 18:00,45122.63057,15430.1685
12/16/22 19:00,44397.48727,15988.1368
12/16/22 20:00,43125.78754,16256.7702
12/16/22 21:00,41546.32695,15988.1654
12/16/22 22:00,39332.50234,16437.9941
12/16/22 23:00,36844.98529,15619.1583
12/20/22 0:00,36038.42066,4220.8671
12/20/22 1:00,34780.25423,5797.9643
12/20/22 2:00,34315.94432,6763.5281
12/20/22 3:00,34052.53203,9024.7801
12/20/22 4:00,34464.30528,10180.9545
12/20/22 5:00,36503.47125,10297.4641
12/20/22 6:00,39359.73345,9860.363
12/20/22 7:00,41307.40015,10200.8422
12/20/22 8:00,41930.37031,10349.5732
12/20/22 9:00,42291.96066,10711.8568
12/20/22 10:00,43244.23204,12214.6414
12/20/22 11:00,43476.25026,13555.8514
12/20/22 12:00,43428.83611,14428.1613
12/20/22 13:00,43141.90453,14932.2411
12/20/22 14:00,42629.56041,15365.0512
12/20/22 15:00,42463.33424,15896.32626
12/20/22 16:00,42731.41197,14873.09726
12/20/22 17:00,44993.22439,14640.53178
12/20/22 18:00,47030.02083,15526.6069
12/20/22 19:00,47012.89268,15795.8637
12/20/22 20:00,46276.78955,16004.4951
12/20/22 21:00,45001.4887,15445.0624
12/20/22 22:00,42920.66198,14855.4829
12/20/22 23:00,40976.74175,14139.3553
12/25/22 0:00,44121.57754,14462.7313
12/25/22 1:00,42949.92391,15178.9968
12/25/22 2:00,42343.57664,15676.9542
12/25/22 3:00,42253.10158,15989.4296
12/25/22 4:00,42364.72151,16283.1085
12/25/22 5:00,43081.84229,16832.6989
12/25/22 6:00,44673.02241,16953.3952
12/25/22 7:00,45932.69524,17441.86742
12/25/22 8:00,47248.86412,17789.6734
12/25/22 9:00,48226.76929,17291.8336
12/25/22 10:00,48027.1138,16863.1042
12/25/22 11:00,47266.72398,17190.1747
12/25/22 12:00,46004.81803,17013.6769
12/25/22 13:00,44687.84015,16690.3178
12/25/22 14:00,43669.52564,16660.4404
12/25/22 15:00,43179.00548,15401.9429
12/25/22 16:00,43509.08609,14799.1556
12/25/22 17:00,46245.18876,12761.666
12/25/22 18:00,48676.27701,11491.1419
12/25/22 19:00,49225.22864,10703.1039
12/25/22 20:00,49690.78353,10033.7527
12/25/22 21:00,50116.53043,9695.4066
12/25/22 22:00,49585.90863,9090.3554
12/25/22 23:00,48708.43908,7968.9406
12/27/22 0:00,45657.4426,12573.1019
12/27/22 1:00,45044.91504,13771.5066
12/27/22 2:00,44993.41013,14092.2586
12/27/22 3:00,45422.37808,14641.6
12/27/22 4:00,46563.68247,15218.4097
12/27/22 5:00,48650.67593,15516.9228
12/27/22 6:00,52170.01367,15673.8495
12/27/22 7:00,53148.90783,15967.2633
12/27/22 8:00,49985.62286,15962.389
12/27/22 9:00,47754.43337,15015.0357
12/27/22 10:00,46319.69409,11855.4886
12/27/22 11:00,44637.51903,11784.8022
12/27/22 12:00,43045.57122,13346.7645
12/27/22 13:00,41980.66127,14738.462
12/27/22 14:00,41537.19844,14719.5273
12/27/22 15:00,41306.7215,15727.3719
12/27/22 16:00,41522.20074,16298.9393
12/27/22 17:00,43903.39706,17539.5552
12/27/22 18:00,46440.67484,18418.3452
12/27/22 19:00,46643.30941,18637.8741
12/27/22 20:00,46408.97201,18829.0807
12/27/22 21:00,45525.29705,18819.0195
12/27/22 22:00,43202.86689,18934.8031
12/27/22 23:00,41046.89828,18826.3653
